fullName,email,meetingId,source
Demo Entrant 01,entrant01@example.com,DEMO-MEETING-001,demo-file
Demo Entrant 02,entrant02@example.com,DEMO-MEETING-001,demo-file
Demo Entrant 03,entrant03@example.com,DEMO-MEETING-001,demo-file
Demo Entrant 04,entrant04@example.com,DEMO-MEETING-001,demo-file
Demo Entrant 05,entrant05@example.com,DEMO-MEETING-001,demo-file
Demo Entrant 06,entrant06@example.com,DEMO-MEETING-001,demo-file
Demo Entrant 07,entrant07@example.com,DEMO-MEETING-001,demo-file
Demo Entrant 08,entrant08@example.com,DEMO-MEETING-001,demo-file
Demo Entrant 09,entrant09@example.com,DEMO-MEETING-001,demo-file
Demo Entrant 10,entrant10@example.com,DEMO-MEETING-001,demo-file
Demo Entrant 11,entrant11@example.com,DEMO-MEETING-001,demo-file
Demo Entrant 12,entrant12@example.com,DEMO-MEETING-001,demo-file
Demo Entrant 13,entrant13@example.com,DEMO-MEETING-001,demo-file
Demo Entrant 14,entrant14@example.com,DEMO-MEETING-001,demo-file
Demo Entrant 15,entrant15@example.com,DEMO-MEETING-001,demo-file
Demo Entrant 16,entrant16@example.com,DEMO-MEETING-001,demo-file
Demo Entrant 17,entrant17@example.com,DEMO-MEETING-001,demo-file
Demo Entrant 18,entrant18@example.com,DEMO-MEETING-001,demo-file
Demo Entrant 19,entrant19@example.com,DEMO-MEETING-001,demo-file
Demo Entrant 20,entrant20@example.com,DEMO-MEETING-001,demo-file
Demo Entrant 21,entrant21@example.com,DEMO-MEETING-001,demo-file
Demo Entrant 22,entrant22@example.com,DEMO-MEETING-001,demo-file
Demo Entrant 23,entrant23@example.com,DEMO-MEETING-001,demo-file
Demo Entrant 24,entrant24@example.com,DEMO-MEETING-001,demo-file
Demo Entrant 25,entrant25@example.com,DEMO-MEETING-001,demo-file
